product_tag,label,count
rokid,ai,42
rokid,display,42
rokid,connectivity,32
rokid,audio,30
rokid,translation,26
rokid,battery_life,25
rokid,prescription_lenses,23
rokid,after_sales,20
rokid,navigation,14
rokid,development_related,10
rokid,privacy,8
meta,connectivity,91
meta,prescription_lenses,64
meta,audio,58
meta,battery_life,55
meta,after_sales,55
meta,privacy,32
meta,ai,25
meta,display,22
meta,development_related,10
meta,translation,5
meta,navigation,3
even,connectivity,84
even,display,62
even,after_sales,42
even,audio,34
even,ai,32
even,prescription_lenses,26
even,translation,24
even,battery_life,16
even,navigation,13
even,development_related,11
even,privacy,2
